id;first_name;last_name;email;phone_number
1;Raphael;Goodwin;Chaya7@yahoo.com;successfully discard modification
2;Liliane;Wiegand;Mariane.Kovacek67@yahoo.com;flawless interpolate
3;Elmira;Stokes;Elaina_Hammes@yahoo.com;so
4;Sally;Heidenreich;Octavia.Schuppe@yahoo.com;but boo
5;Javon;Wyman;Gabriella.Stark@hotmail.com;auction
6;Niko;Beer;Dejon.Rosenbaum35@hotmail.com;mispronounce
7;Orland;Raynor;Bridgette79@gmail.com;towards beneath unless
8;Creola;Auer;Gabrielle37@hotmail.com;behind oof
9;Muhammad;Schneider;Darlene_Lueilwitz@yahoo.com;gathering voluntarily
10;Guiseppe;Mante;Shanie93@yahoo.com;than despite
